Time [s],Value,Parity Error,Framing Error
5.204012000000000,\x18,,
5.205056000000000,\x01,,
5.206098000000000,C,,
5.207135000000000,3,,
5.208181000000000,\x01,,
5.209218000000000,H,,
5.210262000000000,\x01,,
5.211303000000000,E,,
5.212345000000000,5,,
6.513447000000000,\x01,,
6.514485000000000,D,,
6.515526000000000,1,,
6.516574000000000,@,,
6.517611000000000,8,,
6.518656000000000,S,,
6.519694000000000,\x01,,
6.520734000000000,D,,
6.521781000000000,1,,
6.522818000000000,H,,
6.523864000000000,8,,
6.524901000000000,T,,
6.525947000000000,\x01,,
6.526984000000000,D,,
6.528032000000000,1,,
6.529068000000000,P,,
6.530110000000000,8,,
6.531153000000000,A,,
6.532192000000000,\x01,,
6.533236000000000,D,,
6.534281000000000,1,,
6.535320000000000,X,,
6.536363000000000,8,,
6.537400000000000,R,,
6.538447000000000,\x01,,
6.539490000000000,D,,
6.540527000000000,1,,
6.541572000000000,`,,
6.542612000000000,8,,
6.543650000000000,T,,
12.743743000000000,\x1B,,
12.744788000000000,\x01,,
12.745827000000000,C,,
12.746871000000001,3,,
12.747907000000000,\x01,,
12.748950000000001,H,,
12.749991000000000,\x01,,
12.751032000000000,E,,
12.752076000000001,5,,
12.753118000000001,F,,
12.754165000000000,O,,
12.755202000000001,0,,
12.756240999999999,\x01,,
12.757282000000000,B,,
12.758324000000000,0,,
12.759369000000000,5,,
12.760408999999999,T,,
12.761450999999999,0,,
12.793328000000001,F,,
12.794366000000000,I,,
12.795406000000000,7,,
14.417327999999999,F,,
14.418369000000000,O,,
14.419416000000000,9,,
15.267405000000000,\x01,,
15.268447000000000,C,,
15.269491000000000,3,,
15.270526000000000,F,,
15.271572000000001,I,,
15.272615999999999,0,,
15.317296000000001,\x01,,
15.318341999999999,B,,
15.319383999999999,0,,
15.320423000000000,6,,
15.321463000000000,5,,
15.322505000000000,0,,
15.567290000000000,\x01,,
15.568327999999999,B,,
15.569375000000001,0,,
15.570411000000000,6,,
15.571457000000001,6,,
15.572498000000000,0,,
15.817174000000000,\x01,,
15.818215000000000,B,,
15.819259000000001,0,,
15.820297999999999,6,,
15.821348000000000,7,,
15.822381000000000,0,,
16.067267999999999,\x01,,
16.068314000000001,B,,
16.069354000000001,0,,
16.070392999999999,6,,
16.071435000000001,8,,
16.072476999999999,0,,
16.317374999999998,\x01,,
16.318408000000002,B,,
16.319448999999999,0,,
16.320489999999999,6,,
16.321529999999999,5,,
16.322573999999999,0,,
16.567250999999999,\x01,,
16.568297000000001,B,,
16.569334000000001,0,,
16.570381000000001,6,,
16.571417000000000,6,,
16.572461000000001,0,,
16.817242000000000,\x01,,
16.818283000000001,B,,
16.819324999999999,0,,
16.820367000000001,6,,
16.821414000000001,7,,
16.822450000000000,0,,
17.067342000000000,\x01,,
17.068397999999998,B,,
17.069421999999999,0,,
17.070471999999999,6,,
17.071504999999998,8,,
17.072547000000000,0,,
17.317332000000000,\x01,,
17.318386000000000,B,,
17.319410999999999,0,,
17.320454999999999,6,,
17.321494999999999,5,,
17.322535999999999,0,,
17.567216999999999,\x01,,
17.568256999999999,B,,
17.569299000000001,0,,
17.570340000000002,6,,
17.571382000000000,6,,
17.572434999999999,0,,
17.817205999999999,\x01,,
17.818248000000001,B,,
17.819289000000001,0,,
17.820330999999999,6,,
17.821373000000001,7,,
17.822414999999999,0,,
18.067098999999999,\x01,,
18.068140000000000,B,,
18.069175999999999,0,,
18.070222000000001,6,,
18.071259999999999,8,,
18.072303999999999,0,,
18.317188000000002,\x01,,
18.318230000000000,B,,
18.319272000000002,0,,
18.320312999999999,6,,
18.321355000000001,5,,
18.322396000000001,0,,
18.567076000000000,\x01,,
18.568117000000001,B,,
18.569158000000002,0,,
18.570201000000001,6,,
18.571242000000002,6,,
18.572289000000001,0,,
18.817171999999999,\x01,,
18.818211999999999,B,,
18.819255999999999,0,,
18.820295000000002,6,,
18.821338999999998,7,,
18.822379000000002,0,,
19.067270000000001,\x01,,
19.068307000000001,B,,
19.069348999999999,0,,
19.070391000000001,6,,
19.071435000000001,8,,
19.072483999999999,0,,
19.317153000000001,\x01,,
19.318193999999998,B,,
19.319240000000001,0,,
19.320281000000001,6,,
19.321318999999999,9,,
19.322361000000001,0,,
19.567159000000000,\x01,,
19.568187999999999,B,,
19.569227000000001,0,,
19.570271000000002,6,,
19.571310000000000,:,,
19.572353000000000,0,,
19.817135000000000,\x01,,
19.818176000000001,B,,
19.819217999999999,0,,
19.820260000000001,6,,
19.821300999999998,;,,
19.822343000000000,0,,
20.067022000000001,\x01,,
20.068062999999999,B,,
20.069110999999999,0,,
20.070146999999999,6,,
20.071187999999999,<,,
20.072230000000001,0,,
20.317119000000002,\x01,,
20.318159000000001,B,,
20.319206000000001,0,,
20.320246000000001,6,,
20.321287999999999,=,,
20.322324999999999,0,,
20.567218000000000,\x01,,
20.568254000000000,B,,
20.569303999999999,0,,
20.570340999999999,6,,
20.571379000000000,>,,
20.572420000000001,0,,
20.817215000000001,\x01,,
20.818245999999998,B,,
20.819289000000001,0,,
20.820328000000000,6,,
20.821370000000002,?,,
20.822412000000000,0,,
21.066987999999998,\x01,,
21.068028000000002,B,,
21.069068999999999,0,,
21.070111000000001,6,,
21.071158000000000,@,,
21.072203999999999,0,,
21.317186000000000,\x01,,
21.318227000000000,B,,
21.319268999999998,0,,
21.320309999999999,6,,
21.321359000000001,A,,
21.322393999999999,0,,
21.567084999999999,\x01,,
21.568117000000001,B,,
21.569156000000000,0,,
21.570197000000000,6,,
21.571238999999998,B,,
21.572281000000000,0,,
21.817063000000001,\x01,,
21.818104999999999,B,,
21.819147000000001,0,,
21.820188000000002,6,,
21.821232999999999,C,,
21.822272000000002,0,,
22.067057999999999,\x01,,
22.068096000000001,B,,
22.069139000000000,0,,
22.070184999999999,6,,
22.071221000000001,D,,
22.072263000000000,0,,
22.316942999999998,\x01,,
22.317983000000002,B,,
22.319025000000000,0,,
22.320069000000000,6,,
22.321114000000001,E,,
22.322164999999998,0,,
22.567043999999999,\x01,,
22.568078000000000,B,,
22.569130999999999,0,,
22.570162000000000,6,,
22.571209000000000,F,,
22.572244999999999,0,,
22.817138000000000,\x01,,
22.818176999999999,B,,
22.819215000000000,0,,
22.820259000000000,6,,
22.821304000000001,E,,
22.822340000000001,0,,
23.066918000000001,\x01,,
23.067958000000001,B,,
23.068999000000002,0,,
23.070039999999999,6,,
23.071081000000000,F,,
23.072130000000001,0,,
23.317115000000001,\x01,,
23.318159999999999,B,,
23.319196999999999,0,,
23.320243000000001,6,,
23.321283000000001,E,,
23.322333000000000,0,,
23.567001999999999,\x01,,
23.568042999999999,B,,
23.569084000000000,0,,
23.570125999999998,6,,
23.571169999999999,F,,
23.572213000000001,0,,
23.816998000000002,\x01,,
23.818035999999999,B,,
23.819075000000002,0,,
23.820117000000000,6,,
23.821158000000000,E,,
23.822199999999999,0,,
24.066987000000001,\x01,,
24.068030000000000,B,,
24.069068999999999,0,,
24.070108000000001,6,,
24.071152000000001,F,,
24.072191000000000,0,,
24.316987000000001,\x01,,
24.318016000000000,B,,
24.319061000000001,0,,
24.320100000000000,6,,
24.321141000000001,G,,
24.322182999999999,0,,
24.816852000000001,\x01,,
24.817899000000001,B,,
24.818935000000000,0,,
24.819977000000002,6,,
24.821019000000000,H,,
24.822060000000000,0,,
25.316942000000001,\x01,,
25.317979999999999,B,,
25.319023000000001,0,,
25.320063000000001,6,,
25.321104999999999,I,,
25.322146000000000,0,,
25.567035000000001,\x01,,
25.568076000000001,B,,
25.569120000000002,0,,
25.570160999999999,7,,
25.571200999999999,P,,
25.572241999999999,0,,
25.816920000000000,\x01,,
25.817962999999999,B,,
25.819018000000000,0,,
25.820046999999999,7,,
25.821086999999999,O,,
25.822129000000000,0,,
26.066911000000001,\x01,,
26.067952999999999,B,,
26.068998000000001,0,,
26.070036000000002,7,,
26.071078000000000,P,,
26.072120000000002,0,,
26.316905999999999,\x01,,
26.317945000000002,B,,
26.318985999999999,0,,
26.320029000000002,7,,
26.321069000000001,O,,
26.322113000000002,0,,
26.566894000000001,\x01,,
26.567934999999999,B,,
26.568977000000000,0,,
26.570018999999998,7,,
26.571059999999999,P,,
26.572113000000002,0,,
26.816989000000000,\x01,,
26.818030000000000,U,,
26.819071999999998,1,,
26.820114000000000,0,,
26.821159999999999,1,,
26.822196999999999,1,,
26.823239000000001,2,,
26.824280000000002,X,,
26.825326000000000,L,,
26.826363000000001,0,,
26.827408999999999,\x01,,
26.828447000000001,U,,
26.829488999999999,1,,
26.830532999999999,0,,
26.831582999999998,0,,
26.832619999999999,1,,
26.833655000000000,2,,
26.834696000000001,`,,
26.835737999999999,L,,
26.836784000000002,0,,
26.837821000000002,\x01,,
26.838864000000001,U,,
26.839905000000002,1,,
26.840951000000000,0,,
26.841992000000001,0,,
26.843032999999998,1,,
26.844071000000000,2,,
26.845116999999998,h,,
26.846153999999999,L,,
26.847200000000001,0,,
26.848237999999998,\x01,,
26.849291000000001,U,,
26.850321000000001,1,,
26.851365000000001,1,,
26.852618000000000,2,,
26.853653999999999,3,,
26.854697000000002,2,,
26.855737000000001,0,,
26.856780000000001,K,,
26.857821000000001,0,,
26.858867000000000,\x01,,
26.859904000000000,U,,
26.860951000000000,1,,
26.861989999999999,1,,
26.863033999999999,5,,
26.864070000000002,1,,
26.865116000000000,2,,
26.866154000000002,P,,
26.867197999999998,K,,
26.868237000000001,0,,
26.869278999999999,\x01,,
26.870320000000000,U,,
26.871362000000001,1,,
26.872613000000001,1,,
26.873653000000001,6,,
26.874699000000000,1,,
26.875737000000001,2,,
26.876778000000002,p,,
26.877820000000000,K,,
26.878862999999999,0,,
26.879902999999999,\x01,,
26.880945000000001,U,,
26.881986000000001,1,,
26.883029000000001,0,,
26.884070000000001,1,,
26.885110999999998,1,,
26.886153000000000,2,,
26.887198999999999,H,,
26.888240000000000,L,,
26.889278000000001,0,,
27.066981999999999,\x01,,
27.068021000000002,P,,
27.069063000000000,0,,
27.070108999999999,0,,
27.071145999999999,0,,
27.072195000000001,0,,
27.073229999999999,\x01,,
27.074271000000000,P,,
27.075313000000001,0,,
27.076357999999999,1,,
27.077396000000000,0,,
27.078441000000002,0,,
27.316970999999999,\x01,,
27.318020000000001,P,,
27.319065999999999,0,,
27.320101000000001,0,,
27.321138000000001,0,,
27.322184000000000,4,,
27.323221000000000,\x01,,
27.324268000000000,P,,
27.325303999999999,0,,
27.326346000000001,1,,
27.327387000000002,0,,
27.328436000000000,4,,
27.566962000000000,\x01,,
27.568003999999998,P,,
27.569047000000001,0,,
27.570087000000001,0,,
27.571128999999999,0,,
27.572170000000000,8,,
27.573212000000002,\x01,,
27.574254000000000,P,,
27.575301000000000,0,,
27.576345000000000,1,,
27.577385000000000,0,,
27.578420000000001,8,,
27.816853999999999,\x01,,
27.817889999999998,P,,
27.818936000000001,0,,
27.819982000000000,0,,
27.821016000000000,0,,
27.822057000000001,<,,
27.823098999999999,\x01,,
27.824140000000000,P,,
27.825185999999999,0,,
27.826222999999999,1,,
27.827265000000001,0,,
27.828306999999999,<,,
28.066742999999999,\x01,,
28.067782999999999,P,,
28.068819000000001,0,,
28.069863999999999,0,,
28.070902000000000,0,,
28.071943999999998,@,,
28.072984999999999,\x01,,
28.074027999999998,P,,
28.075068999999999,0,,
28.076115999999999,1,,
28.077152000000002,0,,
28.078195000000001,@,,
28.316837000000000,\x01,,
28.317874000000000,P,,
28.318921000000000,0,,
28.319958000000000,0,,
28.320996999999998,0,,
28.322039000000000,D,,
28.323080999999998,\x01,,
28.324124999999999,P,,
28.325164000000001,0,,
28.326215000000001,1,,
28.327248000000001,0,,
28.328289999999999,D,,
28.566821999999998,\x01,,
28.567864000000000,P,,
28.568909000000001,0,,
28.569958000000000,0,,
28.570993000000001,0,,
28.572030000000002,H,,
28.573073000000001,\x01,,
28.574116000000000,P,,
28.575154999999999,0,,
28.576198000000002,1,,
28.577241000000001,0,,
28.578279999999999,H,,
28.817021000000000,\x01,,
28.818066999999999,U,,
28.819105000000000,1,,
28.820148000000000,1,,
28.821187999999999,1,,
28.822755999999998,1,,
28.823792000000001,2,,
28.824833000000002,X,,
28.825880999999999,5,,
28.826917000000002,0,,
28.827964999999999,\x01,,
28.829000000000001,U,,
28.830044000000001,1,,
28.831097000000000,1,,
28.832125999999999,0,,
28.833171000000000,1,,
28.834209999999999,2,,
28.835249999999998,`,,
28.836293000000001,5,,
28.837344000000002,0,,
28.838379000000000,\x01,,
28.839416000000000,U,,
28.840461999999999,1,,
28.841500000000000,0,,
28.842752999999998,0,,
28.843796999999999,1,,
28.844833000000001,2,,
28.845873999999998,h,,
28.846923000000000,5,,
28.847961999999999,0,,
28.848998999999999,\x01,,
28.850045000000001,U,,
28.851082999999999,1,,
28.852129000000001,1,,
28.853166000000002,2,,
28.854209000000001,3,,
28.855249000000001,2,,
28.856296000000000,0,,
28.857332000000000,4,,
28.858378999999999,0,,
28.859416000000000,\x01,,
28.860457000000000,U,,
28.861498999999998,1,,
28.862749000000001,1,,
28.863793999999999,5,,
28.864832000000000,1,,
28.865874999999999,2,,
28.866914999999999,P,,
28.867958999999999,4,,
28.868998999999999,0,,
28.870045999999999,\x01,,
28.871082000000001,U,,
28.872129000000001,1,,
28.873165000000000,1,,
28.874212000000000,6,,
28.875252000000000,1,,
28.876294999999999,2,,
28.877331999999999,p,,
28.878378999999999,4,,
28.879418000000001,0,,
28.880461000000000,\x01,,
28.881498000000001,U,,
28.882747999999999,1,,
28.883796000000000,0,,
28.884833000000000,2,,
28.885873000000000,1,,
28.886914999999998,2,,
28.887962000000002,H,,
28.888998000000001,5,,
28.890041000000000,0,,
29.566682000000000,\x01,,
29.567723000000001,P,,
29.568766000000000,0,,
29.569807000000001,1,,
29.570851999999999,0,,
29.571890000000000,H,,
29.816883000000001,\x01,,
29.817923000000000,P,,
29.818964000000001,0,,
29.820017000000000,1,,
29.821052000000002,0,,
29.822088999999998,L,,
30.066769000000001,\x01,,
30.067810000000001,P,,
30.068852000000000,0,,
30.069901000000002,1,,
30.070934999999999,0,,
30.071981000000001,P,,
30.316759000000001,\x01,,
30.317802000000000,P,,
30.318842000000000,0,,
30.319887000000001,1,,
30.320927000000001,0,,
30.321968999999999,T,,
30.566858000000000,\x01,,
30.567896000000001,P,,
30.568939000000000,0,,
30.569983000000001,1,,
30.571027000000001,0,,
30.572061999999999,X,,
30.816848000000000,\x01,,
30.817903000000001,P,,
30.818929000000001,0,,
30.819973999999998,1,,
30.821021999999999,0,,
30.822053000000000,\,,
31.066835999999999,\x01,,
31.067882000000001,P,,
31.068919999999999,0,,
31.069963000000001,1,,
31.071003000000001,0,,
31.072046000000000,`,,
31.316936999999999,\x01,,
31.317972999999999,U,,
31.319020999999999,1,,
31.320056000000001,1,,
31.321103999999998,1,,
31.322661000000000,1,,
31.323702000000001,2,,
31.324743999999999,X,,
31.325785000000000,L,,
31.326827999999999,0,,
31.327869000000000,\x01,,
31.328910000000000,U,,
31.329951999999999,1,,
31.331000000000000,0,,
31.332035000000001,8,,
31.333076999999999,1,,
31.334118000000000,2,,
31.335160999999999,`,,
31.336213000000001,L,,
31.337246000000000,0,,
31.338284999999999,\x01,,
31.339331999999999,U,,
31.340371000000001,1,,
31.341410000000000,0,,
31.342662000000001,0,,
31.343705000000000,1,,
31.344743000000001,2,,
31.345784999999999,h,,
31.346827000000001,L,,
31.347867999999998,0,,
31.348910000000000,\x01,,
31.349951000000001,U,,
31.350995000000001,1,,
31.352034000000000,1,,
31.353078000000000,2,,
31.354122000000000,3,,
31.355165000000000,2,,
31.356200999999999,0,,
31.357243000000000,K,,
31.358284000000001,0,,
31.359330000000000,\x01,,
31.360368000000001,U,,
31.361412000000001,1,,
31.362662000000000,1,,
31.363700999999999,5,,
31.364747999999999,1,,
31.365784000000001,2,,
31.366826000000000,P,,
31.367874000000000,K,,
31.368914000000000,0,,
31.369951000000000,\x01,,
31.370998000000000,U,,
31.372033999999999,1,,
31.373080000000002,1,,
31.374116999999998,6,,
31.375159000000000,1,,
31.376200000000001,2,,
31.377241999999999,p,,
31.378284000000001,K,,
31.379331000000001,0,,
31.380367000000000,\x01,,
31.381412999999998,U,,
31.382663999999998,1,,
31.383700000000001,0,,
31.384746000000000,3,,
31.385783000000000,1,,
31.386825000000002,2,,
31.387867000000000,H,,
31.388911000000000,L,,
31.389949999999999,0,,
32.066597000000002,\x01,,
32.067636000000000,P,,
32.068674999999999,0,,
32.069716999999997,1,,
32.070759000000002,0,,
32.071804000000000,0,,
32.316687000000002,\x01,,
32.317732999999997,P,,
32.318770999999998,0,,
32.319816000000003,1,,
32.320853999999997,0,,
32.321897999999997,4,,
32.566786000000000,\x01,,
32.567824000000002,P,,
32.568869999999997,0,,
32.569907000000001,1,,
32.570951999999998,0,,
32.571990999999997,8,,
32.816671999999997,\x01,,
32.817711000000003,P,,
32.818755000000003,0,,
32.819794000000002,1,,
32.820836000000000,0,,
32.821877999999998,<,,
33.066771000000003,\x01,,
33.067810999999999,P,,
33.068848000000003,0,,
33.069889000000003,1,,
33.070931000000002,0,,
33.071975999999999,@,,
33.316547000000000,\x01,,
33.317588999999998,P,,
33.318631000000003,0,,
33.319671999999997,1,,
33.320717999999999,0,,
33.321755000000003,D,,
33.566538000000001,\x01,,
33.567580000000000,P,,
33.568624999999997,0,,
33.569662999999998,1,,
33.570706999999999,0,,
33.571745999999997,H,,
33.816842000000001,\x01,,
33.817888000000004,U,,
33.818925000000000,1,,
33.819966999999998,1,,
33.821007999999999,1,,
33.822571000000003,1,,
33.823611999999997,2,,
33.824654000000002,X,,
33.825696000000001,5,,
33.826737000000001,0,,
33.827779999999997,\x01,,
33.828825999999999,U,,
33.829861999999999,1,,
33.830903999999997,0,,
33.831944999999997,7,,
33.832987000000003,1,,
33.834029000000001,2,,
33.835070000000002,`,,
33.836115999999997,5,,
33.837153999999998,0,,
33.838197999999998,\x01,,
33.839236999999997,U,,
33.840277999999998,1,,
33.841321000000001,0,,
33.842576999999999,0,,
33.843615000000000,1,,
33.844653000000001,2,,
33.845697999999999,h,,
33.846736999999997,5,,
33.847780000000000,0,,
33.848820000000003,\x01,,
33.849862999999999,U,,
33.850903000000002,1,,
33.851947000000003,1,,
33.852986000000001,2,,
33.854030000000002,3,,
33.855069999999998,2,,
33.856110999999999,0,,
33.857152999999997,4,,
33.858204999999998,0,,
33.859239000000002,\x01,,
33.860278000000001,U,,
33.861319999999999,1,,
33.862569000000001,1,,
33.863615000000003,5,,
33.864652999999997,1,,
33.865698999999999,2,,
33.866736000000003,P,,
33.867776999999997,4,,
33.868819000000002,0,,
33.869861000000000,\x01,,
33.870902000000001,U,,
33.871944999999997,1,,
33.872985999999997,1,,
33.874031000000002,6,,
33.875073000000000,1,,
33.876111999999999,2,,
33.877153000000000,p,,
33.878194000000001,4,,
33.879238000000001,0,,
33.880277000000000,\x01,,
33.881324999999997,U,,
33.882568999999997,1,,
33.883609999999997,0,,
33.884652000000003,4,,
33.885697999999998,1,,
33.886735000000002,2,,
33.887780999999997,H,,
33.888826999999999,5,,
33.889865000000000,0,,
34.566606999999998,\x01,,
34.567650000000000,P,,
34.568691000000001,0,,
34.569730999999997,1,,
34.570774999999998,0,,
34.571815000000001,H,,
34.816493999999999,\x01,,
34.817534999999999,P,,
34.818581000000002,0,,
34.819617999999998,1,,
34.820664000000001,0,,
34.821702000000002,L,,
35.066484000000003,\x01,,
35.067531000000002,P,,
35.068567999999999,0,,
35.069614000000001,1,,
35.070650999999998,0,,
35.071696000000003,P,,
35.316583000000001,\x01,,
35.317621000000003,P,,
35.318663000000001,0,,
35.319704000000002,1,,
35.320748000000002,0,,
35.321790999999997,T,,
35.566574000000003,\x01,,
35.567611999999997,P,,
35.568657999999999,0,,
35.569696000000000,1,,
35.570740999999998,0,,
35.571778999999999,X,,
35.816561999999998,\x01,,
35.817602999999998,P,,
35.818644999999997,0,,
35.819687999999999,1,,
35.820728000000003,0,,
35.821773999999998,\,,
36.066453000000003,\x01,,
36.067489999999999,P,,
36.068531999999998,0,,
36.069575000000000,1,,
36.070614999999997,0,,
36.071660000000001,`,,
36.316856000000001,\x01,,
36.317898000000000,U,,
36.318941000000002,1,,
36.319980999999999,1,,
36.321024999999999,1,,
36.322485999999998,1,,
36.323523000000002,2,,
36.324565999999997,X,,
36.325606000000001,L,,
36.326649000000003,0,,
36.327688999999999,\x01,,
36.328733999999997,U,,
36.329771999999998,1,,
36.330813999999997,0,,
36.331856000000002,6,,
36.332898000000000,1,,
36.333939000000001,2,,
36.334983000000001,`,,
36.336027999999999,L,,
36.337071000000002,0,,
36.338106000000003,\x01,,
36.339146999999997,U,,
36.340193999999997,1,,
36.341230000000003,0,,
36.342483000000001,0,,
36.343522000000000,1,,
36.344568000000002,2,,
36.345604999999999,h,,
36.346646999999997,L,,
36.347687999999998,0,,
36.348730000000003,\x01,,
36.349777000000003,U,,
36.350814999999997,1,,
36.351855000000000,1,,
36.352899000000001,2,,
36.353937999999999,3,,
36.354984000000002,2,,
36.356023999999998,0,,
36.357064000000001,4,,
36.358108999999999,0,,
36.359149000000002,\x01,,
36.360191999999998,U,,
36.361229999999999,1,,
36.362479999999998,1,,
36.363528000000002,5,,
36.364562999999997,1,,
36.365603999999998,2,,
36.366649000000002,P,,
36.367688000000001,4,,
36.368729999999999,0,,
36.369771000000000,\x01,,
36.370812999999998,U,,
36.371853999999999,1,,
36.372898999999997,1,,
36.373936999999998,6,,
36.374979000000003,1,,
36.376021000000001,2,,
36.377062000000002,p,,
36.378110999999997,4,,
36.379145999999999,0,,
36.380191000000003,\x01,,
36.381228999999998,U,,
36.382482000000003,1,,
36.383519999999997,0,,
36.384563999999997,5,,
36.385604000000001,1,,
36.386650000000003,2,,
36.387687000000000,H,,
36.388731999999997,L,,
36.389769999999999,0,,
37.066620999999998,\x01,,
37.067664000000001,P,,
37.068703999999997,0,,
37.069747999999997,1,,
37.070787000000003,0,,
37.071832999999998,0,,
37.316611999999999,\x01,,
37.317653999999997,P,,
37.318694999999998,0,,
37.319743000000003,1,,
37.320779000000002,0,,
37.321820000000002,4,,
37.566395000000000,\x01,,
37.567436000000001,P,,
37.568477999999999,0,,
37.569519000000000,1,,
37.570562000000002,0,,
37.571603000000003,8,,
37.816496000000001,\x01,,
37.817534999999999,P,,
37.818573000000001,0,,
37.819614999999999,1,,
37.820656000000000,0,,
37.821699000000002,<,,
38.066585000000003,\x01,,
38.067627000000002,P,,
38.068668000000002,0,,
38.069710000000001,1,,
38.070751000000001,0,,
38.071793000000000,@,,
38.316476999999999,\x01,,
38.317512999999998,P,,
38.318558000000003,0,,
38.319605000000003,1,,
38.320638000000002,0,,
38.321680000000001,D,,
38.566358999999999,\x01,,
38.567399999999999,P,,
38.568441999999997,0,,
38.569485999999998,1,,
38.570525000000004,0,,
38.571570999999999,H,,
38.816454000000000,\x01,,
38.817501999999998,P,,
38.818536999999999,0,,
38.819583999999999,1,,
38.820619999999998,0,,
38.821666000000000,H,,
39.566533000000000,\x01,,
39.567573000000003,C,,
39.568618999999998,3,,
39.569665000000001,\x01,,
39.570701000000000,U,,
39.571747000000002,1,,
39.572780999999999,3,,
39.573827000000001,5,,
39.574863999999998,4,,
39.575918000000001,1,,
39.576946999999997,X,,
39.577995000000001,0,,
39.579031000000001,0,,
39.580072999999999,\x01,,
39.581113999999999,U,,
39.582363999999998,1,,
39.583413999999998,1,,
39.584451000000001,1,,
39.585490000000000,1,,
39.586534000000000,2,,
39.587572000000002,`,,
39.588617999999997,8,,
39.589655000000000,0,,
39.590696999999999,\x01,,
39.591742000000004,U,,
39.592781000000002,1,,
39.593822000000003,0,,
39.594862999999997,8,,
39.595910000000003,1,,
39.596947000000000,2,,
39.597990000000003,h,,
39.599040000000002,8,,
39.600078000000003,0,,
39.601118999999997,\x01,,
39.602367999999998,U,,
39.603405000000002,1,,
39.604450000000000,0,,
39.605488000000001,2,,
39.606529999999999,1,,
39.607581000000003,2,,
39.608615000000000,p,,
39.609653999999999,8,,
39.610700000000001,0,,
39.611738000000003,\x01,,
39.612779000000003,U,,
39.613821000000002,1,,
39.614863000000000,1,,
39.615907000000000,1,,
39.616945999999999,1,,
39.617986999999999,2,,
39.619028999999998,D,,
39.620075999999997,8,,
39.621111999999997,0,,
39.622363000000000,\x01,,
39.623404000000001,U,,
39.624447000000004,1,,
39.625487000000000,0,,
39.626533000000002,2,,
39.627569999999999,1,,
39.628613000000001,2,,
39.629654000000002,L,,
39.630695000000003,8,,
39.631737000000001,0,,
39.632778999999999,\x01,,
39.633823999999997,E,,
39.634861999999998,5,,
39.635908000000001,\x01,,
39.636944999999997,U,,
39.637987000000003,0,,
39.639028000000003,>,,
39.640073000000001,0,,
39.641112000000000,6,,
39.642361999999999,3,,
39.643402999999999,0,,
39.644449000000002,0,,
39.645488999999998,0,,
39.878500000000003,\x01,,
39.879541000000003,U,,
39.880581999999997,2,,
39.881624000000002,2,,
39.882665000000003,0,,
39.883707000000001,7,,
39.884748999999999,2,,
39.885795000000002,@,,
39.886842000000001,8,,
39.887873999999996,0,,
39.888914999999997,\x01,,
39.889963000000002,U,,
39.891007999999999,0,,
39.892040000000001,?,,
39.893090999999998,0,,
39.894123000000000,6,,
39.895164999999999,3,,
39.896206999999997,0,,
39.897247999999998,0,,
39.898290000000003,0,,
40.128599000000001,\x01,,
40.129638999999997,C,,
40.130678000000003,2,,
40.131718999999997,\x01,,
40.132761000000002,U,,
40.133802000000003,0,,
40.134844000000001,>,,
40.135885000000002,0,,
40.136927000000000,6,,
40.137968999999998,3,,
40.139009999999999,0,,
40.140051999999997,0,,
40.141094000000002,0,,
40.378481000000001,\x01,,
40.379522999999999,U,,
40.380564000000000,2,,
40.381605999999998,2,,
40.382646999999999,0,,
40.383688999999997,7,,
40.384731000000002,2,,
40.385772000000003,@,,
40.386814000000001,8,,
40.387855999999999,0,,
40.388897000000000,\x01,,
40.389938999999998,U,,
40.390988000000000,0,,
40.392133000000001,?,,
40.393172999999997,0,,
40.394210000000001,6,,
40.395257000000001,3,,
40.396293000000000,0,,
40.397337000000000,0,,
40.398375999999999,0,,
40.628580999999997,\x01,,
40.629618000000001,C,,
40.630662999999998,2,,
40.631706999999999,\x01,,
40.632742999999998,U,,
40.633783999999999,0,,
40.634830000000001,>,,
40.635866999999998,0,,
40.636913999999997,6,,
40.637956000000003,3,,
40.638992000000002,0,,
40.640039000000002,0,,
40.641075999999998,0,,
40.878464000000001,\x01,,
40.879505000000002,U,,
40.880546000000002,2,,
40.881588000000001,2,,
40.882632999999998,0,,
40.883671000000000,7,,
40.884721999999996,2,,
40.885753999999999,@,,
40.886799000000003,8,,
40.887838000000002,0,,
40.888879000000003,\x01,,
40.889921000000001,U,,
40.890962000000002,0,,
40.892108000000000,?,,
40.893149999999999,0,,
40.894191999999997,6,,
40.895240000000001,3,,
40.896275000000003,0,,
40.897317000000001,0,,
40.898358000000002,0,,
41.128453999999998,\x01,,
41.129497000000001,C,,
41.130536999999997,2,,
41.131579000000002,\x01,,
41.132620000000003,E,,
41.133662000000001,2,,
41.134706000000001,\x01,,
41.135745999999997,U,,
41.136786999999998,0,,
41.137829000000004,>,,
41.138869999999997,0,,
41.139915000000002,6,,
41.140953000000003,3,,
41.142313000000001,0,,
41.143349999999998,0,,
41.144390999999999,0,,
42.178519999999999,\x01,,
42.179561999999997,U,,
42.180604000000002,1,,
42.181652000000000,1,,
42.182690000000001,1,,
42.183728000000002,1,,
42.184770000000000,2,,
42.185811999999999,`,,
42.186855000000001,8,,
42.187905000000001,0,,
42.188938999999998,\x01,,
42.189978000000004,U,,
42.191020000000002,1,,
42.192062000000000,0,,
42.193103000000001,8,,
42.194144999999999,1,,
42.195186000000000,2,,
42.196227999999998,h,,
42.197271999999998,8,,
42.198310999999997,0,,
42.199353000000002,\x01,,
42.200395000000000,U,,
42.201436000000001,1,,
42.202478999999997,0,,
42.203524000000002,1,,
42.204560999999998,1,,
42.205603000000004,2,,
42.206645000000002,p,,
42.207686000000002,8,,
42.208734000000000,0,,
42.209769000000001,\x01,,
42.210816000000001,U,,
42.212060999999999,1,,
42.213101999999999,1,,
42.214143999999997,1,,
42.215186000000003,1,,
42.216227000000003,2,,
42.217269000000002,D,,
42.218311000000000,8,,
42.219352000000001,0,,
42.220395000000003,\x01,,
42.221446000000000,U,,
42.222476999999998,1,,
42.223520000000001,0,,
42.224559999999997,1,,
42.225602000000002,1,,
42.226644000000000,2,,
42.227685000000001,L,,
42.228726999999999,8,,
42.229768000000000,0,,
42.308517000000002,\x01,,
42.309556999999998,U,,
42.310605000000002,1,,
42.311641000000002,1,,
42.312686999999997,1,,
42.313724000000001,1,,
42.314770000000003,2,,
42.315807000000000,`,,
42.316848999999998,8,,
42.317889999999998,0,,
42.318936999999998,\x01,,
42.319974000000002,U,,
42.321015000000003,1,,
42.322265000000002,0,,
42.323315999999998,8,,
42.324348000000001,1,,
42.325389999999999,2,,
42.326431999999997,h,,
42.327472999999998,8,,
42.328519999999997,0,,
42.329557000000001,\x01,,
42.330598000000002,U,,
42.331640000000000,1,,
42.332684999999998,0,,
42.333722999999999,0,,
42.334769999999999,1,,
42.335805999999998,2,,
42.336849000000001,p,,
42.337898000000003,8,,
42.338931000000002,0,,
42.339973000000001,\x01,,
42.341014000000001,U,,
42.342264999999998,1,,
42.343305999999998,1,,
42.344347999999997,1,,
42.345388999999997,1,,
42.346431000000003,2,,
42.347473000000001,D,,
42.348517999999999,8,,
42.349556000000000,0,,
42.350597000000000,\x01,,
42.351638999999999,U,,
42.352680999999997,1,,
42.353721999999998,0,,
42.354764000000003,0,,
42.355817000000002,1,,
42.356847000000002,2,,
42.357889999999998,L,,
42.358936000000000,8,,
42.359971999999999,0,,
42.361013999999997,\x01,,
42.362271999999997,E,,
42.363306000000001,5,,
42.364347000000002,\x01,,
42.365389000000000,U,,
42.366430000000001,0,,
42.367471999999999,>,,
42.368518000000002,0,,
42.369560999999997,6,,
42.370596999999997,3,,
42.371637999999997,0,,
42.372680000000003,0,,
42.373722000000001,0,,
42.608505000000001,\x01,,
42.609546000000002,U,,
42.610588000000000,2,,
42.611635000000000,2,,
42.612673999999998,0,,
42.613712999999997,7,,
42.614755000000002,2,,
42.615796000000003,@,,
42.616838000000001,8,,
42.617880000000000,0,,
42.618929000000001,\x01,,
42.619962999999998,U,,
42.621006000000001,0,,
42.622253999999998,?,,
42.623308000000002,0,,
42.624338000000002,6,,
42.625379000000002,3,,
42.626421000000001,0,,
42.627462000000001,0,,
42.628504000000000,0,,
42.858496000000002,\x01,,
42.859544000000000,C,,
42.860579000000001,2,,
42.861621999999997,\x01,,
42.862667000000002,U,,
42.863709000000000,0,,
42.864745999999997,>,,
42.865786999999997,0,,
42.866829000000003,6,,
42.867871000000001,3,,
42.868918000000001,0,,
42.869954000000000,0,,
42.870995999999998,0,,
43.108486999999997,\x01,,
43.109527999999997,U,,
43.110570000000003,2,,
43.111612000000001,2,,
43.112653000000002,0,,
43.113695000000000,7,,
43.114736999999998,2,,
43.115777999999999,@,,
43.116819999999997,8,,
43.117862000000002,0,,
43.118903000000003,\x01,,
43.119945000000001,U,,
43.120986000000002,0,,
43.122236000000001,?,,
43.123277999999999,0,,
43.124322999999997,6,,
43.125360999999998,3,,
43.126403000000003,0,,
43.127445999999999,0,,
43.128486000000002,0,,
43.358378999999999,\x01,,
43.359416000000003,C,,
43.360456999999997,2,,
43.361500999999997,\x01,,
43.362544999999997,U,,
43.363582000000001,0,,
43.364626000000001,>,,
43.365665000000000,0,,
43.366709000000000,6,,
43.367747999999999,3,,
43.368789999999997,0,,
43.369832000000002,0,,
43.370877999999998,0,,
43.608468999999999,\x01,,
43.609510000000000,U,,
43.610551999999998,2,,
43.611593999999997,2,,
43.612636000000002,0,,
43.613677000000003,7,,
43.614719000000001,2,,
43.615766999999998,@,,
43.616805999999997,8,,
43.617843999999998,0,,
43.618884999999999,\x01,,
43.619934000000001,U,,
43.620970000000000,0,,
43.622217999999997,?,,
43.623260000000002,0,,
43.624313000000001,6,,
43.625343000000001,3,,
43.626392000000003,0,,
43.627426000000000,0,,
43.628467999999998,0,,
43.858463000000000,\x01,,
43.859501000000002,C,,
43.860548000000001,2,,
43.861587000000000,\x01,,
43.862630000000003,E,,
43.863667999999997,2,,
43.864711000000000,\x01,,
43.865754000000003,U,,
43.866793000000001,0,,
43.867834000000002,>,,
43.868876000000000,0,,
43.869923000000000,6,,
43.870958999999999,3,,
43.872002000000002,0,,
43.873043000000003,0,,
43.874084000000003,0,,
44.908318000000001,\x01,,
44.909362000000002,C,,
44.910401000000000,3,,
44.911442999999998,\x01,,
44.912483999999999,H,,
44.913525999999997,\x01,,
44.914568000000003,B,,
44.915609000000003,0,,
44.916651000000002,6,,
44.917693000000000,0,,
44.918734000000001,0,,
45.908282999999997,\x01,,
45.909323000000001,B,,
45.910367000000001,0,,
45.911414999999998,6,,
45.912453999999997,1,,
45.913497999999997,0,,
46.158273000000001,\x01,,
46.159320000000001,B,,
46.160356000000000,0,,
46.161403000000000,6,,
46.162444000000001,2,,
46.163482000000002,0,,
46.408264000000003,\x01,,
46.409309999999998,B,,
46.410347000000002,0,,
46.411394999999999,6,,
46.412430000000001,3,,
46.413476000000003,0,,
46.658361999999997,\x01,,
46.659405999999997,B,,
46.660442000000003,0,,
46.661484999999999,6,,
46.662526999999997,4,,
46.663567000000000,0,,
46.908248999999998,\x01,,
46.909289000000001,B,,
46.910330999999999,0,,
46.911371000000003,6,,
46.912413000000001,T,,
46.913454000000002,0,,
47.159278000000000,\x1B,,
47.160319999999999,\x01,,
47.161365000000004,C,,
47.162402999999998,3,,
47.163446000000000,\x01,,
47.164487000000001,H,,
47.165533000000003,\x01,,
47.166573000000000,E,,
47.167613000000003,5,,
47.168657000000003,F,,
47.169694999999997,O,,
47.170741000000000,0,,
47.171778000000003,\x01,,
47.172820000000002,B,,
47.173862000000000,0,,
47.174908000000002,5,,
47.175949000000003,T,,
47.176985999999999,0,,
47.208339000000002,F,,
47.209383000000003,I,,
47.210428000000000,7,,
48.833176000000002,F,,
48.834220000000002,O,,
48.835259999999998,9,,
49.683151000000002,\x01,,
49.684192000000003,C,,
49.685229999999997,3,,
49.686275999999999,F,,
49.687311999999999,I,,
49.688355000000001,0,,
49.733249999999998,\x01,,
49.734292000000003,B,,
49.735331000000002,0,,
49.736373999999998,6,,
49.737414999999999,5,,
49.738458999999999,0,,
49.983139999999999,\x01,,
49.984175999999998,B,,
49.985218000000003,0,,
49.986266999999998,6,,
49.987301000000002,6,,
49.988343000000000,0,,
50.233232000000001,\x01,,
50.234278000000003,B,,
50.235312999999998,0,,
50.236361000000002,6,,
50.237402000000003,7,,
50.238441000000002,0,,
50.483221000000000,\x01,,
50.484262999999999,B,,
50.485312000000000,0,,
50.486345999999998,6,,
50.487386999999998,8,,
50.488428999999996,0,,
50.733218999999998,\x01,,
50.734254000000000,B,,
50.735295000000001,0,,
50.736336999999999,6,,
50.737378000000000,5,,
50.738419999999998,0,,
50.983103999999997,\x01,,
50.984139999999996,B,,
50.985187000000003,0,,
50.986224000000000,6,,
50.987268000000000,6,,
50.988306999999999,0,,
51.233297999999998,\x01,,
51.234340000000003,B,,
51.235380999999997,0,,
51.236423000000002,6,,
51.237465000000000,7,,
51.238506000000001,0,,
51.483190999999998,\x01,,
51.484226999999997,B,,
51.485267999999998,0,,
51.486310000000003,6,,
51.487350999999997,8,,
51.488399999999999,0,,
51.733186000000003,\x01,,
51.734223000000000,B,,
51.735258999999999,0,,
51.736300999999997,6,,
51.737341999999998,5,,
51.738388999999998,0,,
51.983167000000002,\x01,,
51.984211999999999,B,,
51.985250000000001,0,,
51.986294000000001,6,,
51.987333000000000,6,,
51.988380999999997,0,,
52.233158000000003,\x01,,
52.234200000000001,B,,
52.235241000000002,0,,
52.236283000000000,6,,
52.237324000000001,7,,
52.238365999999999,0,,
52.483153999999999,\x01,,
52.484191000000003,B,,
52.485232000000003,0,,
52.486274000000002,6,,
52.487316999999997,8,,
52.488368000000001,0,,
52.733246999999999,\x01,,
52.734285999999997,B,,
52.735326999999998,0,,
52.736369000000003,6,,
52.737411000000002,5,,
52.738456999999997,0,,
52.983027999999997,\x01,,
52.984068000000001,B,,
52.985111000000003,0,,
52.986151999999997,6,,
52.987195999999997,6,,
52.988235000000003,0,,
53.233226000000002,\x01,,
53.234271000000000,B,,
53.235309000000001,0,,
53.236350999999999,6,,
53.237392999999997,7,,
53.238438000000002,0,,
53.483113000000003,\x01,,
53.484153999999997,B,,
53.485196000000002,0,,
53.486241999999997,6,,
53.487285000000000,8,,
53.488326000000001,0,,
53.733103999999997,\x01,,
53.734144999999998,B,,
53.735187000000003,0,,
53.736235999999998,6,,
53.737276000000001,9,,
53.738312000000001,0,,
53.982992000000003,\x01,,
53.984031999999999,B,,
53.985073999999997,0,,
53.986116000000003,6,,
53.987157000000003,:,,
53.988199000000002,0,,
54.233089000000000,\x01,,
54.234130999999998,B,,
54.235171999999999,0,,
54.236210999999997,6,,
54.237256000000002,;,,
54.238294000000003,0,,
54.483082000000003,\x01,,
54.484118000000002,B,,
54.485160999999998,0,,
54.486201999999999,6,,
54.487243999999997,<,,
54.488284999999998,0,,
54.732964000000003,\x01,,
54.734005000000003,B,,
54.735047000000002,0,,
54.736089999999997,6,,
54.737130000000001,=,,
54.738171999999999,0,,
54.983058999999997,\x01,,
54.984105000000000,B,,
54.985149999999997,0,,
54.986184000000002,6,,
54.987225000000002,>,,
54.988270999999997,0,,
55.233058999999997,\x01,,
55.234096000000001,B,,
55.235132999999998,0,,
55.236175000000003,6,,
55.237215999999997,?,,
55.238258000000002,0,,
55.483041000000000,\x01,,
55.484082000000001,B,,
55.485123999999999,0,,
55.486165999999997,6,,
55.487206999999998,@,,
55.488249000000003,0,,
55.733032000000001,\x01,,
55.734073000000002,B,,
55.735118000000000,0,,
55.736156000000001,6,,
55.737200000000001,A,,
55.738247999999999,0,,
55.982922000000002,\x01,,
55.983960000000003,B,,
55.985002999999999,0,,
55.986043000000002,6,,
55.987085000000000,B,,
55.988126999999999,0,,
56.233013999999997,\x01,,
56.234054999999998,B,,
56.235097000000003,0,,
56.236137999999997,6,,
56.237180000000002,C,,
56.238222000000000,0,,
56.483004000000001,\x01,,
56.484046999999997,B,,
56.485087999999998,0,,
56.486128999999998,6,,
56.487170999999996,D,,
56.488216000000001,0,,
56.732892000000000,\x01,,
56.733935000000002,B,,
56.734974999999999,0,,
56.736018000000001,6,,
56.737057999999998,E,,
56.738101000000000,0,,
56.982990999999998,\x01,,
56.984028000000002,B,,
56.985070000000000,0,,
56.986114000000001,6,,
56.987152999999999,F,,
56.988194999999997,0,,
57.232976999999998,\x01,,
57.234022000000003,B,,
57.235061000000002,0,,
57.236108000000002,6,,
57.237144000000001,E,,
57.238185000000001,0,,
57.482973999999999,\x01,,
57.484009999999998,B,,
57.485058000000002,0,,
57.486092999999997,6,,
57.487139999999997,F,,
57.488176000000003,0,,
57.732964000000003,\x01,,
57.734000999999999,B,,
57.735042999999997,0,,
57.736083999999998,6,,
57.737126000000004,E,,
57.738166999999997,0,,
57.982847000000000,\x01,,
57.983888000000000,B,,
57.984929000000001,0,,
57.985971999999997,6,,
57.987012999999997,F,,
57.988053999999998,0,,
58.232940999999997,\x01,,
58.233984999999997,B,,
58.235025000000000,0,,
58.236066000000001,6,,
58.237107999999999,E,,
58.238152999999997,0,,
58.482933000000003,\x01,,
58.483974000000003,B,,
58.485014999999997,0,,
58.486058000000000,6,,
58.487099000000001,F,,
58.488140999999999,0,,
58.732824999999998,\x01,,
58.733860999999997,B,,
58.734901999999998,0,,
58.735948000000000,6,,
58.736986000000002,G,,
58.738027000000002,0,,
59.233012000000002,\x01,,
59.234051999999998,B,,
59.235092999999999,0,,
59.236134000000000,6,,
59.237175999999998,H,,
59.238216999999999,0,,
59.732894999999999,\x01,,
59.733930000000001,B,,
59.734971000000002,0,,
59.736013000000000,6,,
59.737053000000003,I,,
59.738098000000001,0,,
59.982883999999999,\x01,,
59.983919000000000,B,,
59.984963999999998,0,,
59.986007000000001,7,,
59.987050000000004,P,,
59.988089000000002,0,,
60.232869000000001,\x01,,
60.233910000000002,B,,
60.234952000000000,0,,
60.235999000000000,7,,
60.237042000000002,O,,
60.238076999999997,0,,
60.482860000000002,\x01,,
60.483901000000003,B,,
60.484943000000001,0,,
60.485993999999998,7,,
60.487026000000000,P,,
60.488067999999998,0,,
60.732748000000001,\x01,,
60.733792000000001,B,,
60.734831000000000,0,,
60.735871000000003,7,,
60.736913000000001,O,,
60.737954999999999,0,,
60.982737000000000,\x01,,
60.983778999999998,B,,
60.984820999999997,0,,
60.985861999999997,7,,
60.986904000000003,P,,
60.987946000000001,0,,
61.233041000000000,\x01,,
61.234087000000002,U,,
61.235123999999999,1,,
61.236165999999997,0,,
61.237206999999998,1,,
61.238249000000003,1,,
61.239302000000002,2,,
61.240332000000002,X,,
61.241582000000001,L,,
61.242624999999997,0,,
61.243665000000000,\x01,,
61.244709000000000,U,,
61.245755000000003,1,,
61.246789999999997,0,,
61.247835000000002,0,,
61.248874000000001,1,,
61.249921000000001,2,,
61.250957000000000,`,,
61.252003000000002,L,,
61.253047000000002,0,,
61.254088000000003,\x01,,
61.255122999999998,U,,
61.256165000000003,1,,
61.257207000000001,0,,
61.258248999999999,0,,
61.259290000000000,1,,
61.260337000000000,2,,
61.261581000000000,h,,
61.262622999999998,L,,
61.263665000000003,0,,
61.264710999999998,\x01,,
61.265748000000002,U,,
61.266790000000000,1,,
61.267834999999998,1,,
61.268872999999999,2,,
61.269914999999997,3,,
61.270955999999998,2,,
61.271998000000004,0,,
61.273038999999997,K,,
61.274082999999997,0,,
61.275123000000001,\x01,,
61.276166000000003,U,,
61.277206000000000,1,,
61.278250999999997,1,,
61.279288999999999,5,,
61.280330999999997,1,,
61.281581000000003,2,,
61.282622000000003,P,,
61.283664999999999,K,,
61.284706000000000,0,,
61.285747000000001,\x01,,
61.286797999999997,U,,
61.287833999999997,1,,
61.288873000000002,1,,
61.289914000000003,6,,
61.290954999999997,1,,
61.291997000000002,2,,
61.293039000000000,p,,
61.294086000000000,K,,
61.295121999999999,0,,
61.296168000000002,\x01,,
61.297204999999998,U,,
61.298247000000003,1,,
61.299287999999997,0,,
61.300330000000002,1,,
61.301589000000000,1,,
61.302622000000000,2,,
61.303677999999998,H,,
61.304704999999998,L,,
61.305746999999997,0,,
61.482823000000003,\x01,,
61.483866999999996,P,,
61.484907000000000,0,,
61.485948000000000,0,,
61.486989999999999,0,,
61.488033000000001,0,,
61.489074000000002,\x01,,
61.490115000000003,P,,
61.491366999999997,0,,
61.492406000000003,1,,
61.493451999999998,0,,
61.494489999999999,0,,
61.732813999999998,\x01,,
61.733859000000002,P,,
61.734907000000000,0,,
61.735939000000002,0,,
61.736989999999999,0,,
61.738022999999998,4,,
61.739068000000003,\x01,,
61.740105999999997,P,,
61.741568000000001,0,,
61.742606000000002,1,,
61.743648000000000,0,,
61.744689000000001,4,,
61.982807000000001,\x01,,
61.983846999999997,P,,
61.984893000000000,0,,
61.985930000000003,0,,
61.986972000000002,0,,
61.988014000000000,8,,
61.989061000000000,\x01,,
61.990096999999999,P,,
61.991346999999998,0,,
61.992387999999998,1,,
61.993429999999996,0,,
61.994475000000001,8,,
62.232796999999998,\x01,,
62.233843000000000,P,,
62.234879999999997,0,,
62.235922000000002,0,,
62.236963000000003,0,,
62.238010000000003,<,,
62.239046000000002,\x01,,
62.240088000000000,P,,
62.241546000000000,0,,
62.242587999999998,1,,
62.243631000000001,0,,
62.244670999999997,<,,
62.482787000000002,\x01,,
62.483829000000000,P,,
62.484870999999998,0,,
62.485911999999999,0,,
62.486953999999997,0,,
62.487994999999998,@,,
62.489044999999997,\x01,,
62.490079000000001,P,,
62.491329000000000,0,,
62.492370000000001,1,,
62.493414999999999,0,,
62.494458999999999,@,,
62.732675000000000,\x01,,
62.733716000000001,P,,
62.734757999999999,0,,
62.735799000000000,0,,
62.736842000000003,0,,
62.737881999999999,D,,
62.738925000000002,\x01,,
62.739964999999998,P,,
62.741011000000000,0,,
62.742049000000002,1,,
62.743094999999997,0,,
62.744132999999998,D,,
62.982666999999999,\x01,,
62.983710000000002,P,,
62.984748000000003,0,,
62.985790000000001,0,,
62.986831000000002,0,,
62.987876000000000,H,,
62.988914999999999,\x01,,
62.989961000000001,P,,
62.991309999999999,0,,
62.992353000000001,1,,
62.993394000000002,0,,
62.994436000000000,H,,
63.233390000000000,\x01,,
63.234426999999997,U,,
63.235469999999999,1,,
63.236510000000003,1,,
63.237555999999998,1,,
63.238593000000002,1,,
63.239638999999997,2,,
63.240676000000001,X,,
63.241722000000003,5,,
63.242759999999997,0,,
63.243806999999997,\x01,,
63.244843000000003,U,,
63.245887000000003,1,,
63.246926000000002,1,,
63.247968000000000,0,,
63.249012999999998,1,,
63.250050999999999,2,,
63.251306000000000,`,,
63.252343000000003,5,,
63.253390000000003,0,,
63.254426000000002,\x01,,
63.255468000000000,U,,
63.256509000000001,1,,
63.257550999999999,0,,
63.258594000000002,0,,
63.259636000000000,1,,
63.260675999999997,2,,
63.261721000000001,h,,
63.262765999999999,5,,
63.263803000000003,0,,
63.264842000000002,\x01,,
63.265884000000000,U,,
63.266925000000001,1,,
63.267966999999999,1,,
63.269013000000001,2,,
63.270049999999998,3,,
63.271306000000003,2,,
63.272350000000003,0,,
63.273386000000002,4,,
63.274425000000001,0,,
63.275472000000001,\x01,,
63.276516000000001,U,,
63.277555000000000,1,,
63.278592000000003,1,,
63.279632999999997,5,,
63.280675000000002,1,,
63.281717999999998,2,,
63.282758000000001,P,,
63.283802999999999,4,,
63.284841999999998,0,,
63.285885999999998,\x01,,
63.286924999999997,U,,
63.287965999999997,1,,
63.289011000000002,1,,
63.290058000000002,6,,
63.291300999999997,1,,
63.292343000000002,2,,
63.293388000000000,p,,
63.294434000000003,4,,
63.295468999999997,0,,
63.296508000000003,\x01,,
63.297552000000003,U,,
63.298591000000002,1,,
63.299633999999998,0,,
63.300674000000001,2,,
63.301715999999999,1,,
63.302757999999997,2,,
63.303801000000000,H,,
63.304841000000003,5,,
63.305881999999997,0,,
63.982632000000002,\x01,,
63.983674999999998,P,,
63.984712000000002,0,,
63.985754000000000,1,,
63.986795999999998,0,,
63.987836999999999,H,,
64.232724000000005,\x01,,
64.233768999999995,P,,
64.234807000000004,0,,
64.235851999999994,1,,
64.236890000000002,0,,
64.237937000000002,L,,
64.482611000000006,\x01,,
64.483656999999994,P,,
64.484694000000005,0,,
64.485737000000000,1,,
64.486777000000004,0,,
64.487824000000003,P,,
64.732814000000005,\x01,,
64.733851999999999,P,,
64.734893000000000,0,,
64.735934999999998,1,,
64.736976999999996,0,,
64.738018999999994,T,,
64.982594000000006,\x01,,
64.983633999999995,P,,
64.984675999999993,0,,
64.985716999999994,1,,
64.986759000000006,0,,
64.987801000000005,X,,
65.232687999999996,\x01,,
65.233729999999994,P,,
65.234770999999995,0,,
65.235815000000002,1,,
65.236857000000001,0,,
65.237899999999996,\,,
65.482574999999997,\x01,,
65.483615999999998,P,,
65.484661000000003,0,,
65.485698999999997,1,,
65.486744999999999,0,,
65.487781999999996,`,,
65.732877999999999,\x01,,
65.733922000000007,U,,
65.734960999999998,1,,
65.736005000000006,1,,
65.737043999999997,1,,
65.738086999999993,1,,
65.739126999999996,2,,
65.740171000000004,X,,
65.741422999999998,L,,
65.742464999999996,0,,
65.743502000000007,\x01,,
65.744547999999995,U,,
65.745586000000003,1,,
65.746628999999999,0,,
65.747669000000002,8,,
65.748716000000002,1,,
65.749752000000001,2,,
65.750798000000003,`,,
65.751835000000000,L,,
65.752876999999998,0,,
65.753918999999996,\x01,,
65.754959999999997,U,,
65.756004000000004,1,,
65.757043999999993,0,,
65.758086000000006,0,,
65.759134000000003,1,,
65.760167999999993,2,,
65.761418000000006,h,,
65.762461000000002,L,,
65.763513000000003,0,,
65.764548000000005,\x01,,
65.765586999999996,U,,
65.766632000000001,1,,
65.767668000000000,1,,
65.768715000000000,2,,
65.769750999999999,3,,
65.770795000000007,2,,
65.771837000000005,0,,
65.772875999999997,K,,
65.773921999999999,0,,
65.774959999999993,\x01,,
65.776002000000005,U,,
65.777043000000006,1,,
65.778084000000007,1,,
65.779126000000005,5,,
65.780168000000003,1,,
65.781418000000002,2,,
65.782460999999998,P,,
65.783501000000001,K,,
65.784548000000001,0,,
65.785584000000000,\x01,,
65.786625999999998,U,,
65.787666999999999,1,,
65.788708999999997,1,,
65.789750999999995,6,,
65.790792999999994,1,,
65.791837000000001,2,,
65.792876000000007,p,,
65.793916999999993,K,,
65.794959000000006,0,,
65.796006000000006,\x01,,
65.797051999999994,U,,
65.798085000000000,1,,
65.799125000000004,0,,
65.800171000000006,3,,
65.801422000000002,1,,
65.802463000000003,2,,
65.803500000000000,H,,
65.804542999999995,L,,
65.805582999999999,0,,
66.482653999999997,\x01,,
66.483686000000006,P,,
66.484728000000004,0,,
66.485766999999996,1,,
66.486813999999995,0,,
66.487849999999995,0,,
66.732636999999997,\x01,,
66.733675000000005,P,,
66.734718000000001,0,,
66.735758000000004,1,,
66.736800000000002,0,,
66.737841000000003,4,,
66.982624999999999,\x01,,
66.983665999999999,P,,
66.984707999999998,0,,
66.985748999999998,1,,
66.986795999999998,0,,
66.987847000000002,8,,
67.232719000000003,\x01,,
67.233761999999999,P,,
67.234802000000002,0,,
67.235844000000000,1,,
67.236885999999998,0,,
67.237926999999999,<,,
67.482607000000002,\x01,,
67.483655999999996,P,,
67.484689000000003,0,,
67.485733999999994,1,,
67.486776000000006,0,,
67.487814000000000,@,,
67.732597999999996,\x01,,
67.733643999999998,P,,
67.734679999999997,0,,
67.735721999999996,1,,
67.736773999999997,0,,
67.737804999999994,D,,
67.982494000000003,\x01,,
67.983528000000007,P,,
67.984566999999998,0,,
67.985613999999998,1,,
67.986649999999997,0,,
67.987697999999995,H,,
68.233204999999998,\x01,,
68.234245000000001,U,,
68.235290000000006,1,,
68.236328999999998,1,,
68.237369999999999,1,,
68.238411999999997,1,,
68.239452999999997,2,,
68.240495999999993,X,,
68.241536999999994,5,,
68.242582999999996,0,,
68.243620000000007,\x01,,
68.244662000000005,U,,
68.245703000000006,1,,
68.246750000000006,0,,
68.247794999999996,7,,
68.248829000000001,1,,
68.249870000000001,2,,
68.250912999999997,`,,
68.251953000000000,5,,
68.252994999999999,0,,
68.254035999999999,\x01,,
68.255077999999997,U,,
68.256118999999998,1,,
68.257164000000003,0,,
68.258202999999995,0,,
68.259247000000002,1,,
68.260285999999994,2,,
68.261332999999993,h,,
68.262377000000001,5,,
68.263413000000000,0,,
68.264453000000003,\x01,,
68.265494000000004,U,,
68.266536000000002,1,,
68.267577000000003,1,,
68.268619000000001,2,,
68.269660999999999,3,,
68.270703999999995,2,,
68.271743999999998,0,,
68.272789000000003,4,,
68.273826999999997,0,,
68.274872000000002,\x01,,
68.275909999999996,U,,
68.276956999999996,1,,
68.277994000000007,1,,
68.279034999999993,5,,
68.280085000000000,1,,
68.281328000000002,2,,
68.282369000000003,P,,
68.283410000000003,4,,
68.284452000000002,0,,
68.285493000000002,\x01,,
68.286541000000000,U,,
68.287576999999999,1,,
68.288618999999997,1,,
68.289659999999998,6,,
68.290702999999993,1,,
68.291742999999997,2,,
68.292784999999995,p,,
68.293841999999998,4,,
68.294873999999993,0,,
68.295910000000006,\x01,,
68.296952000000005,U,,
68.297993000000005,1,,
68.299036000000001,0,,
68.300076000000004,4,,
68.301327999999998,1,,
68.302370999999994,2,,
68.303410000000000,H,,
68.304451999999998,5,,
68.305492999999998,0,,
68.982553999999993,\x01,,
68.983592999999999,P,,
68.984634999999997,0,,
68.985684000000006,1,,
68.986717999999996,0,,
68.987763000000001,H,,
69.232541999999995,\x01,,
69.233583999999993,P,,
69.234626000000006,0,,
69.235668000000004,1,,
69.236715000000004,0,,
69.237751000000003,L,,
69.482428999999996,\x01,,
69.483475999999996,P,,
69.484525000000005,0,,
69.485553999999993,1,,
69.486599999999996,0,,
69.487637000000007,P,,
69.732529999999997,\x01,,
69.733565999999996,P,,
69.734607999999994,0,,
69.735652000000002,1,,
69.736692000000005,0,,
69.737731999999994,T,,
69.982515000000006,\x01,,
69.983557000000005,P,,
69.984598000000005,0,,
69.985641000000001,1,,
69.986682000000002,0,,
69.987725999999995,X,,
70.232506000000001,\x01,,
70.233547999999999,P,,
70.234589000000000,0,,
70.235630999999998,1,,
70.236672999999996,0,,
70.237713999999997,\,,
70.482393999999999,\x01,,
70.483434000000003,P,,
70.484477999999996,0,,
70.485523000000001,1,,
70.486564000000001,0,,
70.487600999999998,`,,
70.732698999999997,\x01,,
70.733739999999997,U,,
70.734779000000003,1,,
70.735825000000006,1,,
70.736863000000000,1,,
70.737909999999999,1,,
70.738945999999999,2,,
70.739992999999998,X,,
70.741242000000000,L,,
70.742278999999996,0,,
70.743324000000001,\x01,,
70.744361999999995,U,,
70.745403999999994,1,,
70.746446000000006,0,,
70.747490999999997,6,,
70.748529000000005,1,,
70.749571000000003,2,,
70.750612000000004,`,,
70.751659000000004,L,,
70.752695000000003,0,,
70.753742000000003,\x01,,
70.754778999999999,U,,
70.755820999999997,1,,
70.756862999999996,0,,
70.757903999999996,0,,
70.758944999999997,1,,
70.759990999999999,2,,
70.761241999999996,h,,
70.762277999999995,L,,
70.763324999999995,0,,
70.764362000000006,\x01,,
70.765404000000004,U,,
70.766445000000004,1,,
70.767487000000003,1,,
70.768536999999995,2,,
70.769572999999994,3,,
70.770613999999995,2,,
70.771653000000001,0,,
70.772694999999999,4,,
70.773736999999997,0,,
70.774777999999998,\x01,,
70.775823000000003,U,,
70.776860999999997,1,,
70.777905000000004,1,,
70.778944999999993,5,,
70.779989999999998,1,,
70.781238000000002,2,,
70.782278000000005,P,,
70.783319000000006,4,,
70.784361000000004,0,,
70.785403000000002,\x01,,
70.786444000000003,U,,
70.787486000000001,1,,
70.788527000000002,1,,
70.789570999999995,6,,
70.790612999999993,1,,
70.791655000000006,2,,
70.792693999999997,p,,
70.793738000000005,4,,
70.794776999999996,0,,
70.795821000000004,\x01,,
70.796861000000007,U,,
70.797905999999998,1,,
70.798944000000006,0,,
70.799986000000004,5,,
70.801235000000005,1,,
70.802277000000004,2,,
70.803319999999999,H,,
70.804360000000003,L,,
70.805406000000005,0,,
71.482467000000000,\x01,,
71.483502000000001,P,,
71.484549999999999,0,,
71.485585000000000,1,,
71.486630000000005,0,,
71.487668999999997,0,,
71.732562000000001,\x01,,
71.733597000000003,P,,
71.734640999999996,0,,
71.735681000000000,1,,
71.736723999999995,0,,
71.737763999999999,4,,
71.982343000000000,\x01,,
71.983379999999997,P,,
71.984421999999995,0,,
71.985467999999997,1,,
71.986504999999994,0,,
71.987547000000006,8,,
72.232536999999994,\x01,,
72.233579000000006,P,,
72.234632000000005,0,,
72.235662000000005,1,,
72.236712999999995,0,,
72.237750000000005,<,,
72.482427999999999,\x01,,
72.483469999999997,P,,
72.484508000000005,0,,
72.485549000000006,1,,
72.486592999999999,0,,
72.487632000000005,@,,
72.732415000000003,\x01,,
72.733457999999999,P,,
72.734498000000002,0,,
72.735540000000000,1,,
72.736581999999999,0,,
72.737628000000001,D,,
72.982302000000004,\x01,,
72.983348000000007,P,,
72.984385000000003,0,,
72.985428999999996,1,,
72.986468000000002,0,,
72.987510000000000,H,,
73.232399000000001,\x01,,
73.233439000000004,P,,
73.234480000000005,0,,
73.235522000000003,1,,
73.236565999999996,0,,
73.237605000000002,H,,
73.982473999999996,\x01,,
73.983514999999997,C,,
73.984556999999995,3,,
73.985600000000005,\x01,,
73.986639999999994,U,,
73.987685999999997,1,,
73.988724000000005,3,,
73.989766000000003,5,,
73.990910999999997,4,,
73.991952999999995,1,,
73.992993999999996,X,,
73.994035999999994,0,,
73.995082999999994,0,,
73.996118999999993,\x01,,
73.997162000000003,U,,
73.998202000000006,1,,
73.999245000000002,1,,
74.000286000000003,1,,
74.001333000000002,1,,
74.002369000000002,2,,
74.003416000000001,`,,
74.004457000000002,8,,
74.005493999999999,0,,
74.006535000000000,\x01,,
74.007581000000002,U,,
74.008618999999996,1,,
74.009664000000001,0,,
74.010909999999996,8,,
74.011953000000005,1,,
74.012994000000006,2,,
74.014035000000007,h,,
74.015079999999998,8,,
74.016118000000006,0,,
74.017160000000004,\x01,,
74.018202000000002,U,,
74.019246999999993,1,,
74.020285000000001,0,,
74.021326999999999,2,,
74.022368000000000,1,,
74.023409999999998,2,,
74.024457999999996,p,,
74.025493999999995,8,,
74.026534999999996,0,,
74.027579000000003,\x01,,
74.028617999999994,U,,
74.029660000000007,1,,
74.030918999999997,1,,
74.031958000000003,1,,
74.032993000000005,1,,
74.034034000000005,2,,
74.035077999999999,D,,
74.036118000000002,8,,
74.037161999999995,0,,
74.038201000000001,\x01,,
74.039243999999997,U,,
74.040284000000000,1,,
74.041330000000002,0,,
74.042367999999996,2,,
74.043411000000006,1,,
74.044450999999995,2,,
74.045496999999997,L,,
74.046533999999994,8,,
74.047580999999994,0,,
74.048616999999993,\x01,,
74.049662999999995,E,,
74.050910999999999,5,,
74.051951000000003,\x01,,
74.052993000000001,U,,
74.054034999999999,0,,
74.055077999999995,>,,
74.056117000000000,0,,
74.057158999999999,6,,
74.058199999999999,3,,
74.059245000000004,0,,
74.060283999999996,0,,
74.061327000000006,0,,
74.295171999999994,\x01,,
74.296211999999997,U,,
74.297257000000002,2,,
74.298295999999993,2,,
74.299336999999994,0,,
74.300379000000007,7,,
74.301421000000005,2,,
74.302462000000006,@,,
74.303504000000004,8,,
74.304545000000005,0,,
74.305587000000003,\x01,,
74.306629000000001,U,,
74.307670000000002,0,,
74.308712000000000,?,,
74.309753999999998,0,,
74.310899000000006,6,,
74.311941000000004,3,,
74.312988000000004,0,,
74.314024000000003,0,,
74.315066999999999,0,,
74.545265999999998,\x01,,
74.546307999999996,C,,
74.547348999999997,2,,
74.548404000000005,\x01,,
74.549431999999996,U,,
74.550475000000006,0,,
74.551516000000007,>,,
74.552556999999993,0,,
74.553608999999994,6,,
74.554641000000004,3,,
74.555682000000004,0,,
74.556729000000004,0,,
74.557772000000000,0,,
74.795047999999994,\x01,,
74.796090000000007,U,,
74.797132000000005,2,,
74.798173000000006,2,,
74.799215000000004,0,,
74.800259999999994,7,,
74.801298000000003,2,,
74.802344000000005,@,,
74.803381999999999,8,,
74.804428000000001,0,,
74.805464999999998,\x01,,
74.806506999999996,U,,
74.807547999999997,0,,
74.808591000000007,?,,
74.809630999999996,0,,
74.810880999999995,6,,
74.811922999999993,3,,
74.812970000000007,0,,
74.814006000000006,0,,
74.815048000000004,0,,
75.045147999999998,\x01,,
75.046189999999996,C,,
75.047229999999999,2,,
75.048267999999993,\x01,,
75.049312999999998,U,,
75.050353000000001,0,,
75.051393000000004,>,,
75.052435000000003,0,,
75.053477000000001,6,,
75.054518000000002,3,,
75.055560000000000,0,,
75.056601000000001,0,,
75.057642999999999,0,,
75.295134000000004,\x01,,
75.296176000000003,U,,
75.297218000000001,2,,
75.298261999999994,2,,
75.299301000000000,0,,
75.300342999999998,7,,
75.301383999999999,2,,
75.302425999999997,@,,
75.303466999999998,8,,
75.304508999999996,0,,
75.305560999999997,\x01,,
75.306591999999995,U,,
75.307633999999993,0,,
75.308676000000006,?,,
75.309723000000005,0,,
75.310862999999998,6,,
75.311904999999996,3,,
75.312945999999997,0,,
75.313987999999995,0,,
75.315029999999993,0,,
75.545124999999999,\x01,,
75.546173999999993,C,,
75.547213999999997,2,,
75.548249999999996,\x01,,
75.549295000000001,E,,
75.550334000000007,2,,
75.551374999999993,\x01,,
75.552422000000007,U,,
75.553460999999999,0,,
75.554500000000004,>,,
75.555542000000003,0,,
75.556583000000003,6,,
75.557625000000002,3,,
75.558667000000000,0,,
75.559708000000001,0,,
75.561062000000007,0,,
76.595087000000007,\x01,,
76.596134000000006,U,,
76.597170000000006,1,,
76.598212000000004,1,,
76.599254000000002,1,,
76.600295000000003,1,,
76.601341000000005,2,,
76.602378999999999,`,,
76.603420000000000,8,,
76.604461999999998,0,,
76.605502999999999,\x01,,
76.606544999999997,U,,
76.607586999999995,1,,
76.608633999999995,0,,
76.609669999999994,8,,
76.610816000000000,1,,
76.611857000000001,2,,
76.612898999999999,h,,
76.613940999999997,8,,
76.614981999999998,0,,
76.616023999999996,\x01,,
76.617065999999994,U,,
76.618106999999995,1,,
76.619148999999993,0,,
76.620189999999994,1,,
76.621233000000004,1,,
76.622274000000004,2,,
76.623315000000005,p,,
76.624357000000003,8,,
76.625399000000002,0,,
76.626440000000002,\x01,,
76.627482000000001,U,,
76.628523000000001,1,,
76.629575000000003,1,,
76.630814999999998,1,,
76.631856999999997,1,,
76.632897999999997,2,,
76.633939999999996,D,,
76.634985000000000,8,,
76.636027999999996,0,,
76.637065000000007,\x01,,
76.638109999999998,U,,
76.639148000000006,1,,
76.640190000000004,0,,
76.641231000000005,1,,
76.642284000000004,1,,
76.643315000000001,2,,
76.644356999999999,L,,
76.645398000000000,8,,
76.646439000000001,0,,
76.725097000000005,\x01,,
76.726123999999999,U,,
76.727171999999996,1,,
76.728206999999998,1,,
76.729248999999996,1,,
76.730295999999996,1,,
76.731331999999995,2,,
76.732373999999993,`,,
76.733416000000005,8,,
76.734457000000006,0,,
76.735499000000004,\x01,,
76.736545000000007,U,,
76.737582000000003,1,,
76.738624000000002,0,,
76.739665000000002,8,,
76.741018999999994,1,,
76.742061000000007,2,,
76.743103000000005,h,,
76.744151000000002,8,,
76.745187000000001,0,,
76.746228000000002,\x01,,
76.747269000000003,U,,
76.748311000000001,1,,
76.749352000000002,0,,
76.750394000000000,0,,
76.751437999999993,1,,
76.752476999999999,2,,
76.753523000000001,p,,
76.754560999999995,8,,
76.755601999999996,0,,
76.756643999999994,\x01,,
76.757684999999995,U,,
76.758726999999993,1,,
76.759769000000006,1,,
76.761019000000005,1,,
76.762060000000005,1,,
76.763102000000003,2,,
76.764144000000002,D,,
76.765185000000002,8,,
76.766227000000001,0,,
76.767268000000001,\x01,,
76.768310000000000,U,,
76.769351999999998,1,,
76.770392999999999,0,,
76.771434999999997,0,,
76.772476999999995,1,,
76.773517999999996,2,,
76.774559999999994,L,,
76.775600999999995,8,,
76.776643000000007,0,,
76.777687000000000,\x01,,
76.778726000000006,E,,
76.779768000000004,5,,
76.781018000000003,\x01,,
76.782060000000001,U,,
76.783105000000006,0,,
76.784143000000000,>,,
76.785184000000001,0,,
76.786225999999999,6,,
76.787271000000004,3,,
76.788308999999998,0,,
76.789350999999996,0,,
76.790392999999995,0,,
77.025071999999994,\x01,,
77.026112999999995,U,,
77.027154999999993,2,,
77.028198000000003,2,,
77.029238000000007,0,,
77.030280000000005,7,,
77.031324999999995,2,,
77.032363000000004,@,,
77.033407999999994,8,,
77.034446000000003,0,,
77.035488000000001,\x01,,
77.036539000000005,U,,
77.037576999999999,0,,
77.038612999999998,?,,
77.039653999999999,0,,
77.041010000000000,6,,
77.042050000000003,3,,
77.043092000000001,0,,
77.044150000000002,0,,
77.045175000000000,0,,
77.275062000000005,\x01,,
77.276104000000004,C,,
77.277146000000002,2,,
77.278187000000003,\x01,,
77.279229000000001,U,,
77.280270999999999,0,,
77.281312999999997,>,,
77.282359000000000,0,,
77.283394999999999,6,,
77.284436999999997,3,,
77.285478999999995,0,,
77.286524000000000,0,,
77.287561999999994,0,,
77.525058000000001,\x01,,
77.526094999999998,U,,
77.527136999999996,2,,
77.528177999999997,2,,
77.529219999999995,0,,
77.530261999999993,7,,
77.531302999999994,2,,
77.532345000000007,@,,
77.533385999999993,8,,
77.534428000000005,0,,
77.535470000000004,\x01,,
77.536511000000004,U,,
77.537553000000003,0,,
77.538595000000001,?,,
77.539636000000002,0,,
77.540989999999994,6,,
77.542038000000005,3,,
77.543074000000004,0,,
77.544115000000005,0,,
77.545157000000003,0,,
77.775148000000002,\x01,,
77.776190000000000,C,,
77.777231999999998,2,,
77.778278999999998,\x01,,
77.779314999999997,U,,
77.780356999999995,0,,
77.781397999999996,>,,
77.782439999999994,0,,
77.783480999999995,6,,
77.784524000000005,3,,
77.785571000000004,0,,
77.786606000000006,0,,
77.787648000000004,0,,
78.025138999999996,\x01,,
78.026184000000001,U,,
78.027223000000006,2,,
78.028267000000000,2,,
78.029306000000005,0,,
78.030347000000006,7,,
78.031389000000004,2,,
78.032431000000003,@,,
78.033473000000001,8,,
78.034514000000001,0,,
78.035556000000000,\x01,,
78.036597000000000,U,,
78.037638999999999,0,,
78.038680999999997,?,,
78.039721999999998,0,,
78.040974000000006,6,,
78.042015000000006,3,,
78.043054999999995,0,,
78.044096999999994,0,,
78.045150000000007,0,,
78.275041999999999,\x01,,
78.276067999999995,C,,
78.277108999999996,2,,
78.278154999999998,\x01,,
78.279193000000006,E,,
78.280233999999993,2,,
78.281277000000003,\x01,,
78.282317000000006,U,,
78.283359000000004,0,,
78.284401000000003,>,,
78.285442000000003,0,,
78.286484000000002,6,,
78.287531000000001,3,,
78.288567000000000,0,,
78.289613000000003,0,,
78.290755000000004,0,,
79.324883999999997,\x01,,
79.325924999999998,C,,
79.326966999999996,3,,
79.328008999999994,\x01,,
79.329049999999995,H,,
79.330091999999993,\x01,,
79.331132999999994,B,,
79.332175000000007,0,,
79.333217000000005,6,,
79.334258000000005,0,,
79.335300000000004,0,,
80.325061000000005,\x01,,
80.326105999999996,B,,
80.327139000000003,0,,
80.328181000000001,6,,
80.329222000000001,1,,
80.330264000000000,0,,
80.574838000000000,\x01,,
80.575879999999998,B,,
80.576920999999999,0,,
80.577962999999997,6,,
80.579009999999997,2,,
80.580045999999996,0,,
80.824939000000001,\x01,,
80.825976999999995,B,,
80.827019000000007,0,,
80.828057999999999,6,,
80.829102000000006,3,,
80.830143000000007,0,,
81.074927000000002,\x01,,
81.075969000000001,B,,
81.077006999999995,0,,
81.078052000000000,6,,
81.079091000000005,4,,
81.080135999999996,0,,
81.324915000000004,\x01,,
81.325957000000002,B,,
81.327000999999996,0,,
81.328040000000001,6,,
81.329082000000000,T,,
81.330127000000005,0,,
81.576052000000004,\x1B,,
81.577095000000000,\x01,,
81.578135000000003,C,,
81.579177000000001,3,,
81.580219999999997,\x01,,
81.581265999999999,H,,
81.582306000000003,\x01,,
81.583348000000001,E,,
81.584384999999997,5,,
81.585429000000005,F,,
81.586472000000001,O,,
81.587509999999995,0,,
81.588556999999994,\x01,,
81.589592999999994,B,,
81.590635000000006,0,,
81.591676000000007,5,,
81.592718000000005,T,,
81.593760000000003,0,,
81.624799999999993,F,,
81.625848000000005,I,,
81.626884000000004,7,,
83.250782000000001,F,,
83.251823999999999,O,,
83.252865999999997,9,,
84.100752000000000,\x01,,
84.101793000000001,C,,
84.102835999999996,3,,
84.103876000000000,F,,
84.104917999999998,I,,
84.105963000000003,0,,
84.150751999999997,\x01,,
84.151792999999998,B,,
84.152837000000005,0,,
84.153878000000006,6,,
84.154922999999997,5,,
84.155962000000002,0,,
84.400739999999999,\x01,,
84.401781999999997,B,,
84.402823999999995,0,,
84.403864999999996,6,,
84.404906999999994,6,,
84.405950000000004,0,,
84.650632999999999,\x01,,
84.651673000000002,B,,
84.652709999999999,0,,
84.653755000000004,6,,
84.654793999999995,7,,
84.655834999999996,0,,
84.900722000000002,\x01,,
84.901764999999997,B,,
84.902805000000001,0,,
84.903846999999999,6,,
84.904888999999997,8,,
84.905929999999998,0,,
85.150610000000000,\x01,,
85.151651000000001,B,,
85.152692000000002,0,,
85.153734000000000,6,,
85.154781000000000,5,,
85.155822000000001,0,,
85.400807999999998,\x01,,
85.401849999999996,B,,
85.402895000000001,0,,
85.403932999999995,6,,
85.404974999999993,6,,
85.406015999999994,0,,
85.650694999999999,\x01,,
85.651736000000000,B,,
85.652777999999998,0,,
85.653819999999996,6,,
85.654865999999998,7,,
85.655902999999995,0,,
85.900790000000001,\x01,,
85.901831999999999,B,,
85.902873000000000,0,,
85.903918000000004,6,,
85.904955999999999,8,,
85.906001000000003,0,,
86.150571999999997,\x01,,
86.151613999999995,B,,
86.152655999999993,0,,
86.153696999999994,6,,
86.154739000000006,5,,
86.155781000000005,0,,
86.400772000000003,\x01,,
86.401813000000004,B,,
86.402855000000002,0,,
86.403897000000001,6,,
86.404938000000001,6,,
86.405980000000000,0,,
86.650560999999996,\x01,,
86.651600000000002,B,,
86.652637999999996,0,,
86.653678999999997,6,,
86.654747999999998,7,,
86.655761999999996,0,,
86.900857999999999,\x01,,
86.901899000000000,B,,
86.902945000000003,0,,
86.903982999999997,6,,
86.905028000000001,8,,
86.906075000000001,0,,
87.150536000000002,\x01,,
87.151578000000001,B,,
87.152619000000001,0,,
87.153670000000005,6,,
87.154702999999998,5,,
87.155743999999999,0,,
87.400734999999997,\x01,,
87.401782999999995,B,,
87.402822999999998,0,,
87.403863000000001,6,,
87.404902000000007,6,,
87.405945000000003,0,,
87.650621999999998,\x01,,
87.651663999999997,B,,
87.652704999999997,0,,
87.653751000000000,6,,
87.654788999999994,7,,
87.655829999999995,0,,
87.900717000000000,\x01,,
87.901764000000000,B,,
87.902799999999999,0,,
87.903846000000001,6,,
87.904883999999996,8,,
87.905929000000000,0,,
88.150499999999994,\x01,,
88.151542000000006,B,,
88.152583000000007,0,,
88.153623999999994,6,,
88.154666000000006,9,,
88.155708000000004,0,,
88.400701999999995,\x01,,
88.401740000000004,B,,
88.402784999999994,0,,
88.403829000000002,6,,
88.404871999999997,:,,
88.405906999999999,0,,
88.650485000000003,\x01,,
88.651522999999997,B,,
88.652568000000002,0,,
88.653605999999996,6,,
88.654647999999995,;,,
88.655691000000004,0,,
88.900784999999999,\x01,,
88.901826000000000,B,,
88.902871000000005,0,,
88.903909999999996,6,,
88.904950999999997,<,,
88.905992999999995,0,,
89.150473000000005,\x01,,
89.151505000000000,B,,
89.152547999999996,0,,
89.153587999999999,6,,
89.154629999999997,=,,
89.155672999999993,0,,
89.400666999999999,\x01,,
89.401708999999997,B,,
89.402745999999993,0,,
89.403788000000006,6,,
89.404833999999994,>,,
89.405884000000000,0,,
89.650548999999998,\x01,,
89.651590999999996,B,,
89.652631999999997,0,,
89.653673999999995,6,,
89.654715999999993,?,,
89.655756999999994,0,,
89.900644000000000,\x01,,
89.901685999999998,B,,
89.902727999999996,0,,
89.903768999999997,6,,
89.904810999999995,@,,
89.905851999999996,0,,
90.150431999999995,\x01,,
90.151478999999995,B,,
90.152512999999999,0,,
90.153553000000002,6,,
90.154599000000005,A,,
90.155635000000004,0,,
90.400631000000004,\x01,,
90.401668000000001,B,,
90.402709000000002,0,,
90.403751000000000,6,,
90.404792000000000,B,,
90.405833999999999,0,,
90.650407999999999,\x01,,
90.651449999999997,B,,
90.652493000000007,0,,
90.653532999999996,6,,
90.654585999999995,C,,
90.655617000000007,0,,
90.900711999999999,\x01,,
90.901752999999999,B,,
90.902794999999998,0,,
90.903836999999996,6,,
90.904880000000006,D,,
90.905919999999995,0,,
91.150390000000002,\x01,,
91.151437999999999,B,,
91.152485999999996,0,,
91.153515999999996,6,,
91.154556999999997,E,,
91.155600000000007,0,,
91.400595999999993,\x01,,
91.401630999999995,B,,
91.402672999999993,0,,
91.403720000000007,6,,
91.404756000000006,F,,
91.405798000000004,0,,
91.650480000000002,\x01,,
91.651523999999995,B,,
91.652561000000006,0,,
91.653600999999995,6,,
91.654646999999997,E,,
91.655683999999994,0,,
91.900576000000001,\x01,,
91.901612999999998,B,,
91.902658000000002,0,,
91.903695999999997,6,,
91.904737999999995,F,,
91.905778999999995,0,,
92.150255000000001,\x01,,
92.151291000000001,B,,
92.152332999999999,0,,
92.153373999999999,6,,
92.154418000000007,E,,
92.155457999999996,0,,
92.400452999999999,\x01,,
92.401493000000002,B,,
92.402531999999994,0,,
92.403576000000001,6,,
92.404616000000004,F,,
92.405657000000005,0,,
92.650440000000003,\x01,,
92.651481000000004,B,,
92.652523000000002,0,,
92.653564000000003,6,,
92.654606999999999,E,,
92.655647999999999,0,,
92.900535000000005,\x01,,
92.901576000000006,B,,
92.902618000000004,0,,
92.903659000000005,6,,
92.904701000000003,F,,
92.905743000000001,0,,
93.150212999999994,\x01,,
93.151257999999999,B,,
93.152296000000007,0,,
93.153340000000000,6,,
93.154379000000006,G,,
93.155421000000004,0,,
93.650405000000006,\x01,,
93.651444999999995,B,,
93.652490999999998,0,,
93.653530000000003,6,,
93.654576000000006,H,,
93.655612000000005,0,,
94.150281000000007,\x01,,
94.151326999999995,B,,
94.152364000000006,0,,
94.153409999999994,6,,
94.154447000000005,I,,
94.155491999999995,0,,
94.400586000000004,\x01,,
94.401629999999997,B,,
94.402672999999993,0,,
94.403711999999999,7,,
94.404750000000007,P,,
94.405794000000000,0,,
94.650366000000005,\x01,,
94.651408000000004,B,,
94.652450999999999,0,,
94.653491000000002,7,,
94.654533000000001,O,,
94.655574999999999,0,,
94.900357999999997,\x01,,
94.901398999999998,B,,
94.902450999999999,0,,
94.903486999999998,7,,
94.904526000000004,P,,
94.905565999999993,0,,
95.150351999999998,\x01,,
95.151390000000006,B,,
95.152433000000002,0,,
95.153473000000005,7,,
95.154515000000004,O,,
95.155556000000004,0,,
95.400442999999996,\x01,,
95.401494999999997,B,,
95.402527000000006,0,,
95.403577999999996,7,,
95.404610000000005,P,,
95.405662000000007,0,,
95.650537999999997,\x01,,
95.651580999999993,U,,
95.652629000000005,1,,
95.653667999999996,0,,
95.654705000000007,1,,
95.655745999999994,1,,
95.656788000000006,2,,
95.657835000000006,X,,
95.658871000000005,L,,
95.660330000000002,0,,
95.661375000000007,\x01,,
95.662413000000001,U,,
95.663459000000003,1,,
95.664496000000000,0,,
95.665537999999998,0,,
95.666578999999999,1,,
95.667620999999997,2,,
95.668662999999995,`,,
95.669708999999997,L,,
95.670745999999994,0,,
95.671788000000006,\x01,,
95.672837000000001,U,,
95.673871000000005,1,,
95.674919000000003,0,,
95.675960000000003,0,,
95.677001000000004,1,,
95.678037000000003,2,,
95.679079000000002,h,,
95.680329000000000,L,,
95.681376000000000,0,,
95.682411999999999,\x01,,
95.683458999999999,U,,
95.684494999999998,1,,
95.685539000000006,1,,
95.686584999999994,2,,
95.687619999999995,3,,
95.688661999999994,2,,
95.689708999999993,0,,
95.690745000000007,K,,
95.691789999999997,0,,
95.692829000000003,\x01,,
95.693873999999994,U,,
95.694918999999999,1,,
95.695954999999998,1,,
95.696996999999996,5,,
95.698036999999999,1,,
95.699078000000000,2,,
95.700337000000005,P,,
95.701374999999999,K,,
95.702410999999998,0,,
95.703452999999996,\x01,,
95.704494999999994,U,,
95.705535999999995,1,,
95.706577999999993,1,,
95.707624999999993,6,,
95.708661000000006,1,,
95.709704000000002,2,,
95.710744000000005,p,,
95.711786000000004,K,,
95.712828000000002,0,,
95.713874000000004,\x01,,
95.714913999999993,U,,
95.715952999999999,1,,
95.716995999999995,0,,
95.718035999999998,1,,
95.719076999999999,1,,
95.720326999999997,2,,
95.721373999999997,H,,
95.722410999999994,L,,
95.723455999999999,0,,
95.900542000000002,\x01,,
95.901571000000004,P,,
95.902618000000004,0,,
95.903656999999995,0,,
95.904696000000001,0,,
95.905737000000002,0,,
95.906784000000002,\x01,,
95.907837000000001,P,,
95.908867999999998,0,,
95.910111999999998,1,,
95.911153999999996,0,,
95.912194999999997,0,,
96.150216999999998,\x01,,
96.151249000000007,P,,
96.152291000000005,0,,
96.153332000000006,0,,
96.154386000000002,0,,
96.155416000000002,4,,
96.156460999999993,\x01,,
96.157511999999997,P,,
96.158541999999997,0,,
96.159582000000000,1,,
96.160623999999999,0,,
96.161664999999999,4,,
96.400514000000001,\x01,,
96.401553000000007,P,,
96.402593999999993,0,,
96.403636000000006,0,,
96.404677000000007,0,,
96.405724000000006,8,,
96.406761000000003,\x01,,
96.407802000000004,P,,
96.408844000000002,0,,
96.410094000000001,1,,
96.411135999999999,0,,
96.412180000000006,8,,
96.650293000000005,\x01,,
96.651336999999998,P,,
96.652377000000001,0,,
96.653423000000004,0,,
96.654460000000000,0,,
96.655501999999998,<,,
96.656542999999999,\x01,,
96.657587000000007,P,,
96.658627999999993,0,,
96.659667999999996,1,,
96.660709999999995,0,,
96.661750999999995,<,,
96.900388000000007,\x01,,
96.901430000000005,P,,
96.902472000000003,0,,
96.903513000000004,0,,
96.904555000000002,0,,
96.905597000000000,@,,
96.906642000000005,\x01,,
96.907679999999999,P,,
96.908721999999997,0,,
96.910076000000004,1,,
96.911117000000004,0,,
96.912170000000003,@,,
97.150279999999995,\x01,,
97.151317000000006,P,,
97.152362999999994,0,,
97.153407999999999,0,,
97.154443000000001,0,,
97.155483000000004,D,,
97.156525000000002,\x01,,
97.157567000000000,P,,
97.158608000000001,0,,
97.159649999999999,1,,
97.160691999999997,0,,
97.161733999999996,D,,
97.400369999999995,\x01,,
97.401411999999993,P,,
97.402452999999994,0,,
97.403498999999996,0,,
97.404537000000005,0,,
97.405580000000000,H,,
97.406620000000004,\x01,,
97.407662999999999,P,,
97.408703000000003,0,,
97.409750000000003,1,,
97.410786000000002,0,,
97.411828000000000,H,,
97.650363999999996,\x01,,
97.651413000000005,U,,
97.652449000000004,1,,
97.653487999999996,1,,
97.654533000000001,1,,
97.655569000000000,1,,
97.656616000000000,2,,
97.657656000000003,X,,
97.658696000000006,5,,
97.659735999999995,0,,
97.660781999999998,\x01,,
97.661818999999994,U,,
97.662863000000002,1,,
97.663901999999993,1,,
97.664944000000006,0,,
97.665985000000006,1,,
97.667030999999994,2,,
97.668069000000003,`,,
97.669111999999998,5,,
97.670158000000001,0,,
97.671194000000000,\x01,,
97.672240000000002,U,,
97.673276999999999,1,,
97.674321000000006,0,,
97.675359999999998,0,,
97.676406000000000,1,,
97.677442999999997,2,,
97.678490999999994,h,,
97.679530999999997,5,,
97.680573999999993,0,,
97.681610000000006,\x01,,
97.682657000000006,U,,
97.683693000000005,1,,
97.684735000000003,1,,
97.685776000000004,2,,
97.686819000000000,3,,
97.687869000000006,2,,
97.688901999999999,0,,
97.690055999999998,4,,
97.691089000000005,0,,
97.692141000000007,\x01,,
97.693179000000001,U,,
97.694214000000002,1,,
97.695255000000003,1,,
97.696308999999999,5,,
97.697338999999999,1,,
97.698380000000000,2,,
97.699427999999997,P,,
97.700464999999994,4,,
97.701504999999997,0,,
97.702547999999993,\x01,,
97.703587999999996,U,,
97.704629999999995,1,,
97.705672000000007,1,,
97.706714000000005,6,,
97.707755000000006,1,,
97.708800999999994,2,,
97.710046000000006,p,,
97.711088000000004,4,,
97.712130000000002,0,,
97.713171000000003,\x01,,
97.714214999999996,U,,
97.715254999999999,1,,
97.716296000000000,0,,
97.717337999999998,2,,
97.718382000000005,1,,
97.719420999999997,2,,
97.720462999999995,H,,
97.721503999999996,5,,
97.722545999999994,0,,
98.400334000000001,\x01,,
98.401379000000006,P,,
98.402417000000000,0,,
98.403463000000002,1,,
98.404510999999999,0,,
98.405541999999997,H,,
98.650115999999997,\x01,,
98.651161999999999,P,,
98.652198999999996,0,,
98.653243000000003,1,,
98.654283000000007,0,,
98.655330000000006,L,,
98.900426999999993,\x01,,
98.901460999999998,P,,
98.902502999999996,0,,
98.903543999999997,1,,
98.904588000000004,0,,
98.905627999999993,P,,
99.150310000000005,\x01,,
99.151347999999999,P,,
99.152389999999997,0,,
99.153430999999998,1,,
99.154473999999993,0,,
99.155513999999997,T,,
99.400193000000002,\x01,,
99.401235000000000,P,,
99.402276000000001,0,,
99.403317999999999,1,,
99.404358999999999,0,,
99.405401999999995,X,,
99.650191000000007,\x01,,
99.651224999999997,P,,
99.652271999999996,0,,
99.653308999999993,1,,
99.654349999999994,0,,
99.655392000000006,\,,
99.900178999999994,\x01,,
99.901216000000005,P,,
99.902264000000002,0,,
99.903299000000004,1,,
99.904343999999995,0,,
99.905383000000000,`,,
